age,bmi,sleep_hours,activity_level,water_intake_l,sugar_intake,stress_level,risk
33,24.4,8.0,low,2.6,low,low,moderate
32,29.0,6.1,low,1.5,low,medium,high
16,22.8,5.5,low,2.0,low,low,moderate
24,27.4,10.8,low,2.0,low,low,high
25,23.8,6.1,low,2.7,low,low,moderate
28,26.6,5.1,moderate,2.3,low,low,moderate
35,25.7,6.8,low,1.6,low,medium,moderate
19,21.5,5.3,high,1.9,low,high,moderate
24,27.4,8.5,moderate,2.3,low,low,moderate
17,29.4,6.7,low,1.6,high,medium,high
29,29.0,7.5,moderate,1.5,low,medium,moderate
56,21.3,6.4,low,1.8,low,medium,moderate
30,17.0,6.7,moderate,2.0,high,low,moderate
28,23.3,7.8,high,2.4,high,low,low
30,28.9,5.9,low,1.6,low,medium,high
16,26.4,6.4,low,1.7,high,low,high
45,25.7,7.4,high,1.8,low,low,low
21,21.0,7.2,moderate,1.6,low,low,low
28,26.2,6.9,high,1.2,low,medium,low
23,28.1,5.8,moderate,2.5,low,medium,high
22,22.7,7.1,moderate,1.5,low,medium,low
35,20.1,7.8,low,1.3,high,low,moderate
23,23.7,8.2,high,1.2,low,medium,low
27,24.2,4.8,low,2.4,high,high,high
32,26.4,6.0,low,1.9,high,medium,high
31,20.1,8.6,low,2.5,high,low,moderate
39,21.7,8.4,moderate,2.0,low,low,low
19,21.9,8.3,moderate,1.7,high,medium,moderate
27,35.9,7.9,low,1.4,low,medium,high
29,28.0,6.3,low,2.2,high,low,high
31,20.0,7.3,moderate,2.0,low,medium,low
38,25.2,8.3,moderate,2.3,low,low,moderate
34,27.1,7.8,moderate,3.7,low,medium,moderate
31,25.7,5.3,low,1.0,low,low,high
48,17.5,8.0,low,1.0,low,medium,moderate
22,23.7,9.3,low,1.9,low,low,moderate
30,22.4,10.2,moderate,2.1,high,medium,moderate
38,22.5,6.3,low,1.0,low,high,moderate
34,28.5,5.2,low,1.6,low,medium,high
37,30.1,7.6,moderate,2.6,low,low,moderate
40,22.2,7.7,moderate,2.2,low,low,low
19,24.6,4.0,moderate,1.1,low,low,moderate
41,19.3,8.7,moderate,1.8,low,low,low
28,25.2,8.0,moderate,1.9,low,medium,moderate
47,17.2,6.8,high,2.1,high,low,low
26,25.8,8.3,low,1.6,high,low,high
32,22.2,8.3,moderate,2.0,high,low,moderate
34,22.2,4.3,moderate,1.2,low,high,moderate
28,29.4,8.2,low,2.2,high,medium,high
25,28.8,6.6,low,2.2,high,low,high
32,24.5,7.1,moderate,2.1,low,low,moderate
39,20.2,8.2,moderate,2.1,low,low,low
30,22.3,8.5,low,1.7,low,low,moderate
34,30.4,6.4,high,1.9,high,low,moderate
18,19.4,5.9,moderate,1.7,low,low,moderate
27,25.0,6.0,low,1.8,low,medium,moderate
34,31.1,6.8,low,2.0,high,low,high
30,28.9,7.7,moderate,1.8,low,medium,moderate
47,21.9,8.3,low,1.9,low,high,moderate
29,28.9,4.8,low,2.2,low,low,high
23,25.6,7.5,low,2.7,high,medium,high
35,30.9,8.1,high,1.7,low,low,moderate
39,23.1,4.4,high,2.5,high,medium,moderate
16,21.4,6.8,high,1.8,high,high,moderate
30,25.2,6.3,moderate,2.1,low,high,moderate
19,27.1,8.6,low,2.6,low,medium,high
42,25.5,8.8,moderate,1.8,low,high,moderate
21,23.9,9.2,low,2.2,low,low,moderate
38,18.0,5.2,high,0.8,low,medium,low
26,30.3,8.5,high,2.0,low,high,moderate
16,24.8,7.6,moderate,1.8,low,medium,moderate
29,24.7,5.3,low,2.0,high,low,high
22,27.0,6.2,low,1.4,low,low,moderate
18,24.2,7.1,moderate,0.7,low,medium,moderate
24,25.9,6.8,high,1.7,high,low,moderate
25,20.1,10.6,low,1.6,low,medium,moderate
34,26.2,11.6,low,2.4,low,medium,moderate
23,21.4,6.7,low,1.8,low,low,moderate
43,28.5,7.0,low,2.5,low,medium,high
26,31.3,6.4,low,1.5,low,medium,high
18,27.3,6.0,low,1.6,low,low,high
16,27.7,7.6,high,1.8,high,low,moderate
34,21.1,7.1,moderate,2.2,low,medium,low
25,21.0,7.4,low,0.4,low,medium,moderate
35,18.4,6.9,moderate,1.2,low,low,low
25,28.0,8.7,moderate,2.2,low,low,moderate
34,24.2,7.6,high,1.5,low,low,low
33,31.3,6.8,moderate,1.9,low,low,moderate
33,23.3,7.4,low,2.8,high,low,moderate
27,30.2,6.0,low,0.7,high,medium,high
32,24.1,8.2,high,0.7,low,low,low
31,27.3,5.7,moderate,1.6,low,medium,high
31,26.0,6.3,low,1.4,high,low,high
42,26.6,6.5,high,2.2,low,medium,low
27,21.1,6.3,low,2.0,high,medium,moderate
41,29.0,4.6,low,1.9,low,high,high
16,31.0,8.0,low,1.8,low,medium,high
28,25.2,9.7,high,2.1,high,low,moderate
45,30.4,9.4,high,1.5,high,low,moderate
50,27.1,6.1,low,1.7,high,low,high
21,18.4,8.2,low,1.8,low,medium,moderate
17,24.0,5.3,low,1.7,low,low,moderate
28,27.8,9.8,low,2.4,low,low,high
23,24.3,7.0,moderate,1.9,low,medium,moderate
31,24.4,6.1,low,1.5,low,medium,moderate
41,14.4,3.9,moderate,1.2,low,low,moderate
18,21.9,5.3,low,2.7,low,medium,moderate
29,25.1,5.9,moderate,1.4,low,low,moderate
25,27.0,5.2,low,2.2,low,medium,high
31,26.0,9.5,low,1.3,low,high,high
32,20.0,8.4,high,1.7,low,low,low
40,18.0,8.1,moderate,1.1,low,low,low
31,24.6,6.2,high,2.0,low,high,moderate
27,30.4,10.2,low,2.1,low,medium,high
30,26.4,6.2,low,1.4,high,low,high
16,27.2,10.0,high,2.2,low,low,moderate
32,28.9,9.5,low,2.3,high,low,high
33,15.5,6.5,moderate,1.9,low,low,low
22,19.6,5.5,moderate,2.3,low,medium,moderate
30,25.7,7.9,low,1.0,low,medium,moderate
39,22.2,6.9,moderate,2.7,low,low,low
33,27.1,5.4,moderate,2.3,low,low,high
29,27.5,7.3,high,1.1,high,medium,moderate
40,29.2,6.3,moderate,2.1,low,high,high
33,25.8,7.4,high,1.2,low,medium,low
33,24.1,8.7,high,1.8,low,medium,low
30,23.2,6.3,low,1.6,low,low,moderate
27,25.5,7.6,moderate,0.8,low,medium,moderate
32,28.6,7.1,high,2.3,high,high,high
39,22.3,6.2,moderate,0.6,high,high,moderate
26,30.8,9.4,low,1.5,low,low,high
21,20.8,4.1,moderate,1.2,low,high,moderate
37,24.1,6.9,moderate,2.1,low,high,moderate
39,31.5,4.6,low,1.8,low,low,high
24,29.8,9.1,moderate,1.5,low,medium,moderate
24,22.2,10.5,moderate,2.3,low,high,moderate
25,23.4,7.4,moderate,2.0,low,low,low
16,20.0,8.3,moderate,1.3,low,low,low
25,25.9,7.0,moderate,2.4,low,medium,moderate
40,20.5,4.5,high,2.0,high,medium,moderate
36,27.0,8.6,moderate,2.4,high,low,moderate
27,21.7,6.0,high,2.0,high,medium,low
31,25.2,5.0,moderate,2.2,low,medium,moderate
32,23.4,7.8,low,1.8,low,high,moderate
26,25.8,8.6,low,1.3,low,low,moderate
26,25.5,7.6,low,1.5,low,low,moderate
42,24.7,6.2,low,2.7,high,low,high
20,24.3,8.0,low,2.3,low,medium,moderate
19,28.5,8.0,moderate,1.8,low,low,moderate
37,24.2,5.9,low,1.5,low,low,high
29,29.5,7.5,moderate,2.0,high,medium,high
22,26.3,8.9,moderate,2.0,low,low,moderate
24,32.2,6.9,low,1.1,low,low,high
24,29.0,6.6,low,1.8,low,low,high
17,28.0,8.2,moderate,2.0,low,low,moderate
27,23.4,10.6,moderate,1.8,low,low,low
31,16.8,6.6,low,1.5,low,low,moderate
31,20.7,8.5,low,2.1,low,low,moderate
41,28.7,7.1,moderate,1.5,high,medium,high
25,29.4,7.2,high,2.3,low,medium,moderate
43,25.8,6.0,high,1.6,low,high,moderate
21,22.9,7.9,moderate,2.4,low,medium,low
30,25.5,7.9,low,1.3,low,low,moderate
38,24.6,8.4,moderate,2.2,low,low,moderate
31,29.2,9.5,moderate,1.6,high,high,high
16,22.7,8.2,low,1.9,low,medium,moderate
24,26.6,7.7,low,1.9,low,high,high
32,23.8,4.5,high,1.8,low,medium,low
39,18.0,6.5,high,1.2,low,medium,low
38,22.2,4.7,low,1.7,low,medium,moderate
37,23.0,4.7,moderate,1.6,high,low,moderate
36,29.9,8.8,high,1.8,low,high,moderate
27,24.2,6.9,moderate,1.8,high,low,moderate
28,20.9,6.7,moderate,2.0,low,low,low
37,26.4,8.5,moderate,0.4,low,low,moderate
22,27.6,7.4,moderate,1.5,high,low,high
36,27.0,7.2,moderate,2.0,low,high,moderate
26,25.3,7.3,moderate,2.0,low,medium,moderate
43,20.4,7.5,high,1.4,low,high,low
38,24.0,7.5,moderate,2.5,high,low,moderate
39,20.1,7.9,moderate,2.2,low,medium,low
30,20.9,5.1,moderate,1.0,low,low,moderate
24,19.7,9.5,moderate,2.3,low,low,low
30,29.5,6.3,low,1.8,low,low,high
38,34.8,9.1,high,2.1,high,high,high
27,26.6,6.7,low,2.1,low,low,moderate
22,20.6,7.3,low,2.5,low,medium,moderate
25,18.7,6.8,moderate,1.7,low,medium,low
25,26.3,4.6,high,2.0,low,medium,moderate
25,25.3,7.7,moderate,1.9,high,high,high
24,22.3,4.9,high,2.7,high,low,moderate
35,22.2,8.2,moderate,1.5,low,low,low
23,33.6,5.2,moderate,2.0,high,low,high
39,31.5,4.7,low,1.9,low,low,high
23,31.6,9.5,moderate,1.5,high,low,high
32,22.9,4.6,low,2.1,low,high,high
25,20.9,6.0,low,1.2,low,low,moderate
25,27.8,8.5,moderate,1.9,low,low,moderate
39,20.2,9.5,moderate,2.0,low,medium,low
22,27.5,5.6,moderate,1.8,high,low,high
38,27.4,5.4,high,1.6,high,medium,high
30,29.9,5.9,moderate,1.9,low,medium,high
35,28.8,5.8,low,1.1,high,medium,high
23,18.6,10.2,moderate,1.2,high,low,moderate
30,24.6,8.4,high,1.7,high,medium,moderate
25,24.1,5.2,moderate,1.6,low,high,high
38,26.9,7.0,moderate,2.2,high,low,moderate
16,25.3,6.4,low,1.3,low,low,moderate
30,27.1,6.9,low,2.0,low,low,high
32,21.8,7.8,moderate,1.2,low,low,low
28,31.0,7.2,high,1.6,low,low,moderate
27,22.2,7.5,low,1.5,low,high,moderate
33,29.8,8.4,moderate,1.1,low,low,moderate
28,29.0,6.2,moderate,1.2,high,medium,high
25,14.6,6.2,moderate,2.0,low,low,low
22,24.9,4.1,high,2.8,low,low,moderate
26,21.5,6.7,low,2.7,low,low,moderate
32,25.8,8.7,moderate,1.2,low,medium,moderate
47,22.6,8.1,moderate,1.9,low,low,low
20,25.3,7.1,moderate,2.7,low,low,moderate
27,25.7,5.0,low,1.3,high,medium,high
26,23.3,7.4,moderate,1.4,low,low,low
37,22.0,4.9,low,2.6,low,medium,moderate
35,29.9,6.1,high,1.8,high,low,moderate
30,26.1,9.3,high,2.1,low,low,low
34,24.2,6.1,moderate,1.2,low,medium,moderate
28,23.9,7.5,low,2.2,high,high,high
36,21.7,8.8,moderate,1.7,high,medium,moderate
31,19.8,7.6,high,1.5,low,medium,low
33,27.9,10.5,moderate,2.3,low,medium,moderate
36,26.5,8.9,low,2.1,low,low,moderate
36,21.3,8.9,low,1.6,low,medium,moderate
20,26.8,8.8,moderate,1.5,low,medium,moderate
18,20.6,6.3,high,1.4,high,low,low
43,23.4,7.3,low,2.3,low,medium,moderate
39,22.7,7.3,moderate,1.4,low,low,low
42,33.0,10.1,moderate,2.4,high,low,high
29,30.2,8.7,moderate,1.5,high,medium,high
20,24.2,5.9,low,0.9,low,medium,high
31,27.3,9.8,moderate,1.3,low,low,moderate
27,29.4,9.8,low,2.6,low,low,high
25,28.1,4.2,high,1.9,low,low,moderate
34,22.9,5.2,low,0.4,low,medium,moderate
16,24.4,8.4,low,2.2,low,low,moderate
36,29.9,6.8,low,1.7,low,high,high
23,21.3,6.5,moderate,2.6,low,low,low
16,28.5,8.1,low,1.7,low,high,high
35,25.4,6.8,low,1.5,high,high,high
36,20.0,7.4,moderate,1.1,high,medium,moderate
23,23.7,6.4,low,1.5,high,medium,moderate
21,25.2,7.6,low,2.1,high,medium,high
29,21.7,5.1,high,1.8,high,medium,moderate
16,21.0,7.9,low,2.8,low,medium,moderate
24,24.8,6.1,low,2.1,low,low,moderate
30,31.5,7.5,high,1.7,high,low,moderate
32,24.9,6.9,high,1.4,low,low,low
32,22.0,6.4,moderate,2.4,high,low,moderate
16,25.8,7.5,moderate,2.5,high,low,moderate
30,28.4,7.7,moderate,1.4,low,high,high
27,26.9,6.2,high,1.5,low,low,low
46,20.7,7.0,high,2.5,low,high,low
39,30.7,5.2,low,1.7,low,medium,high
34,26.3,7.3,low,1.6,high,medium,high
44,26.4,6.5,high,0.8,low,low,low
40,24.9,5.5,moderate,1.5,high,low,high
25,23.4,6.0,moderate,0.8,low,medium,low
37,23.3,7.6,moderate,1.8,low,medium,low
39,20.5,6.4,high,2.1,low,medium,low
31,32.8,5.5,low,1.5,low,medium,high
35,27.7,5.2,high,2.2,low,medium,moderate
28,21.1,8.7,moderate,1.7,low,high,moderate
28,21.2,6.7,high,2.0,low,high,low
35,27.5,5.6,high,2.3,low,high,high
32,22.4,5.6,low,1.8,low,low,moderate
36,18.5,5.4,moderate,1.3,low,high,moderate
33,28.6,8.4,low,1.9,low,low,high
30,29.6,5.6,low,1.9,high,medium,high
35,35.8,4.3,moderate,1.5,high,medium,high
28,28.8,9.4,moderate,2.5,high,low,high
22,25.1,6.6,moderate,0.6,high,medium,moderate
30,31.8,6.1,low,1.9,low,low,high
28,16.7,7.7,low,1.2,low,medium,moderate
27,22.0,7.5,moderate,2.5,low,high,moderate
23,24.2,5.7,low,1.9,low,high,high
45,24.8,5.9,moderate,1.0,low,high,high
36,31.1,8.4,high,1.5,high,low,moderate
26,25.6,9.4,low,2.2,low,low,moderate
22,23.8,9.3,low,1.6,low,low,moderate
31,26.8,5.4,moderate,2.5,low,medium,moderate
31,28.0,7.6,low,2.1,high,low,high
20,25.4,7.0,low,1.7,low,medium,moderate
16,27.9,8.3,high,2.4,low,low,moderate
20,28.7,8.5,moderate,1.5,high,medium,high
16,22.2,4.2,moderate,2.4,high,medium,moderate
21,23.4,5.3,high,1.7,low,low,low
30,24.4,4.9,low,2.4,low,low,high
37,31.5,5.1,high,1.5,low,medium,moderate
29,20.4,7.0,high,1.6,low,low,low
29,23.5,6.6,low,2.6,high,low,moderate
29,25.9,7.4,high,2.3,high,low,moderate
29,26.8,4.6,moderate,1.2,low,medium,moderate
42,26.0,6.7,low,2.4,low,low,moderate
28,23.1,4.0,moderate,2.2,low,low,moderate
28,34.3,7.4,moderate,2.2,low,low,moderate
26,24.6,11.0,low,1.0,high,high,high
32,32.1,6.5,moderate,1.9,low,high,high
33,24.9,8.7,moderate,1.8,low,low,moderate
35,22.1,7.4,moderate,0.6,low,high,moderate
29,26.1,7.8,moderate,2.1,high,low,moderate
39,24.2,6.8,moderate,2.3,low,high,moderate
29,23.4,8.7,moderate,2.3,low,low,low
39,22.9,5.7,high,1.5,low,high,moderate
37,27.1,8.1,moderate,2.1,low,medium,moderate
35,29.7,7.9,moderate,2.0,low,low,moderate
28,22.0,6.0,low,1.7,low,medium,moderate
30,27.4,6.3,moderate,1.7,high,medium,high
17,21.9,5.8,high,1.3,high,low,moderate
27,27.5,4.7,moderate,1.7,high,medium,high
40,19.8,2.5,moderate,1.9,low,low,moderate
21,28.1,8.3,high,2.1,low,medium,moderate
33,23.0,7.0,low,0.9,low,medium,moderate
24,25.1,8.4,low,1.3,high,low,high
36,21.5,6.0,low,1.6,low,medium,moderate
38,22.3,6.8,high,2.3,low,high,low
32,22.7,3.3,moderate,1.7,high,low,moderate
34,21.7,7.3,moderate,1.8,high,medium,moderate
25,23.7,7.9,low,2.4,low,high,moderate
16,25.1,4.8,low,1.7,low,low,high
26,30.8,7.5,low,2.0,low,low,high
27,26.5,8.5,low,2.6,low,medium,moderate
23,29.5,5.2,moderate,2.6,low,high,high
22,19.3,4.4,high,1.9,low,low,low
28,21.0,3.2,moderate,1.7,low,low,moderate
34,24.8,10.0,low,1.9,high,medium,high
33,25.1,8.0,low,2.1,low,low,moderate
37,22.0,3.8,low,1.9,low,low,moderate
31,25.2,7.3,moderate,1.9,low,low,moderate
26,24.3,5.9,moderate,1.4,high,low,high
30,25.9,5.1,low,1.5,low,medium,high
33,30.7,7.5,moderate,1.6,low,medium,moderate
23,20.0,6.6,moderate,2.0,high,medium,moderate
21,24.4,7.1,low,2.1,low,medium,moderate
28,23.6,6.7,moderate,2.5,low,low,low
28,20.1,7.7,low,2.0,high,low,moderate
17,26.8,10.0,low,1.1,low,high,high
34,22.7,7.0,high,2.1,high,low,low
44,24.2,8.1,moderate,1.2,low,medium,moderate
29,31.2,7.9,low,1.7,low,low,high
37,23.2,6.3,moderate,1.9,low,low,low
23,26.4,5.9,high,1.0,high,low,moderate
24,30.3,9.1,high,1.5,high,medium,moderate
39,22.6,7.6,low,1.0,low,low,moderate
30,21.2,6.4,high,2.1,low,low,low
34,35.5,5.8,low,2.3,high,high,high
28,28.7,6.8,moderate,2.6,low,medium,moderate
25,20.9,6.5,low,2.0,low,high,moderate
16,25.8,7.7,low,2.0,low,medium,moderate
22,26.7,7.2,low,2.3,low,low,moderate
32,23.1,6.0,high,1.8,low,low,low
21,22.0,8.8,high,2.2,low,low,low
39,21.1,6.3,low,2.0,high,medium,moderate
41,18.1,6.1,moderate,1.9,high,low,moderate
33,30.6,8.0,low,1.0,high,medium,high
30,21.2,3.5,high,1.9,high,medium,moderate
27,32.2,7.3,moderate,2.0,high,low,high
25,27.2,5.1,high,1.2,high,medium,high
33,31.7,7.0,low,2.1,low,medium,high
24,30.8,6.9,low,2.0,high,medium,high
34,25.2,7.0,moderate,1.5,high,low,moderate
31,30.5,5.5,high,1.7,low,low,moderate
35,23.4,8.6,low,2.1,low,medium,moderate
30,22.4,5.5,low,1.2,low,low,moderate
24,31.1,6.2,moderate,0.9,low,low,moderate
34,24.4,9.1,moderate,2.4,low,low,moderate
26,26.0,5.6,moderate,1.3,high,low,high
19,25.3,9.3,moderate,1.5,low,low,moderate
18,22.4,6.9,low,1.1,low,medium,moderate
30,26.6,6.9,low,1.9,low,medium,moderate
19,28.3,8.2,moderate,1.2,low,low,moderate
35,18.9,6.7,moderate,1.9,high,medium,moderate
28,24.8,4.7,moderate,2.1,high,low,high
26,26.7,5.7,moderate,1.7,high,low,high
26,18.6,9.6,moderate,2.5,low,medium,low
32,27.3,6.0,low,1.4,low,low,high
35,30.9,6.1,high,1.9,high,medium,moderate
18,25.8,9.1,moderate,2.1,low,low,moderate
35,24.2,8.6,low,3.0,low,high,high
38,27.6,10.2,low,1.4,high,low,high
45,21.9,6.2,moderate,2.2,low,low,low
24,25.0,8.2,low,1.8,high,low,high
19,28.3,6.6,low,1.7,low,medium,high
31,25.7,6.0,low,2.0,low,low,moderate
53,30.0,5.0,high,1.1,high,low,high
20,19.5,8.1,high,1.8,low,low,low
31,36.9,7.6,moderate,1.6,high,high,high
26,31.4,5.3,moderate,2.0,low,medium,high
26,23.8,8.5,moderate,2.3,low,low,low
27,26.7,5.8,low,1.7,low,medium,high
18,22.7,8.5,moderate,2.8,low,medium,low
38,29.2,7.0,moderate,1.2,high,medium,high
21,25.3,5.6,low,1.9,low,medium,high
26,19.9,6.8,moderate,1.9,low,low,low
50,20.6,9.2,low,2.3,low,medium,moderate
39,25.5,7.5,moderate,2.0,low,medium,moderate
19,24.2,5.8,low,1.8,high,high,high
27,28.8,7.7,low,1.8,low,low,high
39,23.0,4.2,low,2.1,low,low,moderate
28,22.5,9.6,moderate,1.7,high,low,moderate
35,20.4,6.7,high,1.8,high,medium,low
41,26.7,8.1,moderate,2.1,low,medium,moderate
41,27.8,6.3,high,1.6,high,high,high
34,30.8,8.2,moderate,2.0,low,low,moderate
44,24.1,5.7,low,1.5,low,low,high
36,24.4,4.9,low,1.8,low,low,high
34,29.1,6.0,moderate,2.2,low,high,high
18,29.4,5.8,moderate,1.5,low,medium,high
36,20.1,7.8,moderate,2.1,low,low,low
22,30.7,6.3,low,1.8,low,high,high
32,18.7,7.1,low,1.7,high,high,high
35,23.8,6.3,moderate,2.1,low,low,low
36,27.4,5.5,low,1.7,low,medium,high
16,27.6,5.2,low,2.1,high,medium,high
33,29.4,10.0,high,2.3,low,medium,moderate
44,23.0,5.0,moderate,1.5,high,high,high
32,16.6,7.9,moderate,2.2,low,low,low
39,29.7,7.8,low,1.7,low,medium,high
38,30.4,5.9,moderate,1.6,low,low,high
26,32.3,8.4,low,2.0,low,medium,high
42,28.4,7.6,high,2.0,low,low,moderate
21,23.7,4.5,high,2.1,low,medium,low
26,24.4,6.9,low,1.6,low,high,high
32,28.2,7.6,high,1.6,low,medium,moderate
37,22.5,7.4,high,2.2,low,medium,low
28,23.1,7.5,high,2.0,low,low,low
28,18.8,6.3,low,1.7,low,high,moderate
16,23.1,6.1,low,2.3,low,low,moderate
23,19.8,6.3,low,1.9,high,low,moderate
37,23.5,4.1,moderate,1.7,high,low,moderate
31,35.8,7.5,low,1.3,low,low,high
16,23.4,5.2,moderate,0.6,low,medium,moderate
33,26.5,7.6,high,0.8,high,high,moderate
20,23.0,9.6,moderate,1.8,low,medium,low
37,23.5,4.4,moderate,1.3,high,low,moderate
32,20.0,6.5,moderate,3.1,low,medium,low
41,20.3,7.3,low,1.3,low,low,moderate
33,23.3,7.6,high,1.7,low,low,low
39,22.9,5.9,moderate,1.7,high,medium,moderate
34,21.1,6.0,high,1.5,low,low,low
34,29.9,6.0,moderate,2.0,low,low,moderate
36,24.9,6.0,high,1.4,low,low,low
25,26.8,2.9,moderate,1.6,high,medium,high
39,23.5,6.1,moderate,1.2,low,high,moderate
34,40.7,3.9,high,2.7,low,low,moderate
17,23.8,7.4,low,1.4,low,low,moderate
26,30.0,6.2,moderate,2.0,low,medium,moderate
35,25.5,6.0,low,1.7,high,medium,high
24,28.0,6.7,high,1.8,low,high,moderate
35,19.2,5.2,high,2.4,high,high,moderate
22,28.8,8.3,high,2.5,low,low,moderate
29,21.8,5.8,high,1.2,high,low,moderate
35,24.2,7.5,low,1.2,high,low,high
16,25.0,10.1,moderate,1.6,high,medium,moderate
22,32.0,8.4,high,1.7,high,low,moderate
21,28.7,6.2,low,1.6,low,medium,high
32,22.7,4.3,moderate,1.9,low,medium,moderate
20,24.0,7.2,high,1.3,low,medium,low
34,25.8,7.4,moderate,2.4,high,low,moderate
33,27.0,7.3,moderate,1.3,low,high,moderate
42,27.4,7.1,moderate,1.7,low,low,moderate
16,27.3,6.9,low,2.0,low,low,high
26,32.6,7.8,low,1.1,low,low,high
33,26.7,3.8,low,1.6,high,low,high
17,13.7,6.3,low,2.1,high,medium,moderate
23,16.1,7.6,low,1.7,high,medium,moderate
25,25.1,3.3,low,1.5,low,high,high
43,27.0,6.8,low,1.4,low,high,high
25,25.9,8.1,moderate,0.8,high,medium,moderate
17,30.5,6.3,low,1.7,low,medium,high
25,25.8,5.2,low,1.6,high,low,high
20,23.8,7.2,low,2.3,low,medium,moderate
31,27.8,5.1,moderate,2.7,low,medium,high
43,23.0,6.6,high,1.9,low,medium,low
16,20.5,6.7,high,2.0,low,medium,low
35,17.9,6.7,low,1.8,low,high,moderate
29,26.7,5.7,moderate,2.4,high,high,high
40,23.1,7.1,moderate,1.6,low,low,low
19,27.3,7.7,moderate,0.9,low,low,moderate
41,23.1,5.7,low,1.7,low,medium,moderate
26,22.6,7.7,high,1.6,low,low,low
30,22.9,6.5,moderate,1.8,low,medium,low
29,24.8,4.4,high,2.5,low,low,moderate
21,28.7,6.6,moderate,2.2,low,low,moderate
33,26.9,5.9,high,1.4,high,low,moderate
16,22.6,8.0,low,1.4,low,low,moderate
21,18.5,5.1,moderate,1.9,high,medium,moderate
28,24.3,5.8,moderate,1.1,low,low,moderate
29,23.3,5.6,moderate,2.1,low,high,moderate
27,27.4,6.3,low,1.1,low,medium,high
37,27.1,5.3,moderate,1.6,low,medium,high
26,24.2,7.9,moderate,2.4,high,low,moderate
48,22.5,4.7,low,0.9,low,high,high
37,27.2,9.2,low,1.9,high,low,high
22,22.3,5.8,high,2.2,low,low,low
26,28.6,8.4,moderate,2.6,low,medium,moderate
16,22.9,5.9,moderate,2.2,low,medium,moderate
23,27.8,8.6,low,2.0,high,low,high
36,24.8,6.4,low,0.8,low,low,moderate
30,23.9,9.2,low,0.7,low,medium,moderate
31,28.8,7.0,low,3.2,low,medium,high
35,24.0,5.4,moderate,1.7,low,medium,moderate
34,26.2,8.0,moderate,2.3,high,low,moderate
35,20.4,8.8,low,2.7,high,low,moderate
35,32.8,5.7,low,1.6,high,high,high
23,26.1,9.3,moderate,1.5,low,low,moderate
22,30.4,8.8,high,1.9,low,medium,moderate
30,21.6,9.1,low,1.0,low,low,moderate
24,23.8,9.1,high,0.6,high,medium,low
25,29.1,5.8,moderate,1.0,low,low,high
32,21.2,7.3,moderate,1.3,high,medium,moderate
29,29.3,8.1,low,2.5,low,low,high
46,20.9,6.5,low,2.0,high,low,moderate
50,22.4,5.7,low,1.8,low,medium,moderate
17,26.0,8.7,low,2.0,low,medium,moderate
23,20.7,8.3,high,1.9,low,medium,low
41,19.6,5.0,moderate,1.7,low,low,moderate
27,24.4,8.1,low,2.3,low,low,moderate
27,31.4,8.0,low,1.7,low,medium,high
29,26.4,6.7,moderate,1.6,low,medium,moderate
20,18.3,4.3,moderate,1.1,low,medium,moderate
31,27.0,10.7,moderate,1.5,low,low,moderate
27,21.1,7.8,low,1.4,low,medium,moderate
37,26.0,4.2,high,2.3,low,low,moderate
36,25.6,4.6,low,1.4,low,low,high
23,25.7,8.8,low,2.0,low,medium,moderate
33,27.3,7.3,low,1.8,high,high,high
34,21.7,6.8,moderate,1.6,low,high,moderate
28,33.2,6.0,moderate,1.6,low,low,moderate
31,22.6,6.6,low,2.2,low,low,moderate
33,26.7,4.3,moderate,2.3,low,medium,moderate
39,27.3,4.7,high,2.7,low,medium,moderate
34,19.9,5.1,low,1.9,low,medium,moderate
17,25.5,6.1,moderate,1.9,low,low,moderate
26,20.0,6.8,moderate,1.5,low,low,low
28,25.8,5.9,low,1.8,low,medium,high
31,29.1,7.3,moderate,1.1,low,high,high
26,28.3,4.5,low,1.9,high,medium,high
37,16.6,8.7,moderate,2.5,low,low,low
30,27.0,5.6,low,2.4,low,low,high
33,22.9,7.8,moderate,2.8,high,low,moderate
22,19.8,7.8,high,1.6,low,low,low
32,24.8,7.8,low,1.5,high,low,high
39,26.1,7.5,low,1.9,low,low,moderate
40,16.1,7.8,high,0.6,low,medium,low
21,23.9,9.1,moderate,1.2,low,low,low
41,32.4,6.8,moderate,1.2,low,low,moderate
39,22.5,4.6,moderate,2.0,low,medium,moderate
35,30.9,5.3,low,1.8,low,medium,high
16,25.5,7.0,low,1.7,high,low,high
35,25.5,6.8,low,1.2,low,medium,moderate
34,15.0,6.9,low,1.8,high,medium,moderate
31,28.6,6.6,moderate,2.5,high,medium,high
25,21.8,6.1,low,1.4,low,medium,moderate
45,20.1,7.1,low,1.2,low,low,moderate
40,29.7,6.8,moderate,2.3,low,medium,moderate
22,29.0,7.5,low,1.7,low,low,high
30,29.6,5.3,moderate,2.2,high,low,high
19,23.3,7.1,high,1.9,low,medium,low
36,29.2,6.9,low,2.0,low,medium,high
19,26.4,4.0,moderate,1.8,low,medium,moderate
25,19.3,5.8,moderate,1.5,high,low,moderate
33,26.1,6.5,high,2.0,low,low,low
29,22.1,6.6,low,1.6,high,high,high
36,23.3,7.6,low,2.1,low,high,moderate
20,29.9,10.3,moderate,1.8,low,low,moderate
32,26.2,8.8,moderate,1.2,high,high,high
36,23.3,7.6,moderate,1.4,low,low,low
29,25.3,7.1,moderate,1.7,high,low,moderate
32,23.7,5.0,moderate,1.9,low,medium,moderate
40,24.4,7.8,low,2.2,high,medium,high
22,30.6,7.5,low,2.1,low,high,high
38,30.8,5.6,high,1.4,low,medium,moderate
21,23.8,7.0,high,1.7,low,low,low
32,16.5,8.5,moderate,1.7,low,low,low
31,22.8,4.7,moderate,2.7,high,low,moderate
33,29.3,5.2,low,0.6,high,medium,high
37,18.3,7.0,high,1.8,low,low,low
27,19.6,5.9,low,2.1,low,medium,moderate
29,28.0,7.1,low,1.3,low,medium,high
25,26.3,8.9,low,1.6,low,medium,moderate
39,25.1,6.7,high,2.6,low,high,moderate
23,28.3,7.3,high,1.8,low,medium,moderate
18,22.9,6.2,high,2.3,low,low,low
23,22.0,4.3,moderate,2.0,low,high,moderate
29,28.7,5.9,high,1.6,low,low,moderate
21,20.3,7.7,low,1.5,low,low,moderate
33,23.1,5.8,high,1.8,low,high,moderate
32,24.0,7.0,moderate,1.6,high,high,moderate
24,21.4,5.7,low,1.1,low,low,moderate
22,27.1,7.1,moderate,0.8,high,medium,high
31,20.2,6.7,moderate,1.4,low,low,low
26,24.5,6.4,high,1.2,low,medium,low
40,22.7,8.8,low,1.1,low,high,moderate
39,26.9,6.7,low,1.5,low,low,moderate
32,20.7,6.3,low,2.4,low,low,moderate
37,19.5,9.4,low,2.2,high,low,moderate
41,24.4,6.5,moderate,2.2,low,medium,moderate
27,24.4,4.9,low,2.1,low,low,high
25,23.9,5.4,low,1.8,high,low,high
32,31.6,7.2,moderate,2.3,low,low,moderate
28,27.4,9.0,low,1.5,high,medium,high
37,26.0,4.7,moderate,1.7,high,low,high
32,24.6,6.1,low,0.4,high,medium,high
35,27.3,5.8,high,0.8,low,medium,moderate
31,27.3,8.2,high,2.1,low,low,moderate
43,21.2,9.4,low,1.6,low,low,moderate
32,31.5,6.0,moderate,1.3,low,low,moderate
29,27.2,8.4,moderate,1.8,high,low,high
21,24.4,8.1,high,1.2,low,low,low
35,31.1,8.3,high,2.2,low,low,moderate
25,25.8,8.5,moderate,1.5,low,low,moderate
26,28.7,7.8,low,2.0,low,low,high
32,32.4,5.2,low,2.1,low,low,high
38,25.7,5.9,high,2.7,high,high,high
16,25.8,6.4,moderate,1.4,low,medium,moderate
26,20.6,7.5,moderate,1.8,high,medium,moderate
19,26.5,8.7,moderate,2.6,low,medium,moderate
31,16.7,7.8,low,1.5,low,low,moderate
23,32.7,7.7,low,0.9,high,high,high
16,25.1,3.9,high,1.6,low,medium,moderate
29,31.8,10.6,low,2.0,low,low,high
26,27.5,7.0,moderate,1.1,low,medium,moderate
39,24.1,6.2,low,1.0,low,medium,moderate
16,28.1,6.0,low,1.6,low,medium,high
32,29.1,5.4,moderate,2.3,low,low,high
23,28.8,7.8,low,1.7,low,high,high
37,33.8,5.8,high,1.2,low,medium,moderate
29,26.6,5.9,moderate,1.9,high,medium,high
31,21.0,6.2,high,2.5,low,high,low
22,26.3,5.5,high,1.5,high,medium,moderate
22,22.7,6.8,low,2.6,low,low,moderate
27,17.0,6.4,low,1.6,high,low,moderate
27,25.2,6.9,high,1.5,high,low,moderate
36,25.3,8.7,low,1.6,high,medium,high
31,26.7,7.8,low,1.7,low,medium,moderate
34,22.6,6.8,low,1.8,low,low,moderate
39,23.0,8.6,low,1.7,high,low,moderate
39,21.9,9.3,moderate,1.0,high,low,moderate
28,23.7,5.1,low,1.8,low,low,moderate
37,25.8,7.5,moderate,1.3,low,medium,moderate
31,14.5,6.6,low,1.8,high,low,moderate
37,25.0,7.9,moderate,2.6,high,low,moderate
16,22.9,5.9,moderate,1.8,low,high,moderate
34,23.1,6.0,high,1.8,low,low,low
39,24.6,5.6,low,1.5,low,medium,high
17,24.4,6.3,high,1.3,low,high,moderate
19,24.8,6.9,moderate,2.3,high,low,moderate
32,23.0,5.7,low,1.5,low,medium,moderate
29,20.6,5.0,low,2.8,high,low,high
33,26.1,8.9,moderate,0.6,low,high,moderate
27,27.9,8.0,high,1.9,low,low,moderate
31,20.6,5.5,moderate,1.3,high,low,moderate
23,25.6,6.7,moderate,1.2,low,low,moderate
27,22.8,8.2,high,0.9,low,medium,low
27,25.1,6.5,moderate,1.0,high,high,high
32,17.8,3.4,low,2.2,high,high,high
50,24.8,7.4,moderate,1.0,low,high,moderate
17,30.4,6.1,low,2.1,low,low,high
29,31.0,7.5,low,2.5,high,low,high
30,18.8,7.2,moderate,2.9,high,medium,moderate
38,25.8,9.4,low,2.1,low,low,moderate
37,23.9,8.1,high,1.7,low,low,low
45,26.1,8.4,low,1.3,low,low,moderate
19,20.7,4.0,low,1.7,low,high,high
19,16.5,7.4,low,1.8,low,medium,moderate
23,25.8,6.3,moderate,1.9,high,low,moderate
28,29.8,6.3,high,1.6,low,low,moderate
39,18.9,5.4,low,1.9,low,low,moderate
43,22.1,6.1,low,1.2,high,high,high
24,27.9,6.7,low,1.6,low,medium,high
30,25.4,9.1,low,1.3,low,medium,moderate
29,24.6,8.8,moderate,1.3,low,medium,moderate
26,17.8,8.4,high,2.3,low,medium,low
36,25.8,7.7,moderate,1.5,low,low,moderate
36,17.8,7.3,moderate,2.3,low,low,low
29,18.7,5.6,moderate,1.5,low,low,moderate
21,24.6,6.1,moderate,2.0,high,medium,moderate
32,21.7,7.4,moderate,2.4,low,medium,low
30,23.7,6.8,low,1.4,low,low,moderate
37,27.6,3.4,low,2.8,low,high,high
33,29.4,6.4,low,1.5,high,medium,high
34,28.3,7.5,low,1.5,low,low,high
32,24.3,8.1,high,2.1,high,low,moderate
33,29.3,5.7,moderate,2.0,high,high,high
25,24.7,8.6,moderate,1.6,low,low,moderate
21,15.0,7.3,low,2.1,low,low,moderate
29,25.9,3.7,moderate,1.6,low,medium,moderate
22,20.5,7.5,low,1.4,low,high,moderate
28,28.9,5.8,moderate,1.8,high,low,high
39,23.9,6.5,moderate,2.1,low,low,low
28,29.7,7.9,low,0.8,high,medium,high
26,23.0,8.7,low,1.9,low,medium,moderate
25,29.0,8.6,low,0.9,low,medium,high
39,32.4,8.3,low,2.4,low,low,high
33,21.8,5.3,low,2.0,high,medium,high
40,27.2,8.3,low,2.1,high,high,high
37,19.5,7.3,low,1.8,low,low,moderate
23,27.2,6.9,high,1.0,low,low,moderate
30,31.5,5.1,low,2.1,low,medium,high
23,29.3,3.7,high,1.2,low,low,moderate
36,17.2,7.5,low,1.7,high,low,moderate
35,26.1,8.0,moderate,1.8,low,low,moderate
25,23.9,9.0,low,1.6,low,medium,moderate
26,29.3,7.7,moderate,2.8,low,medium,moderate
37,24.6,8.8,high,1.9,low,medium,low
35,22.4,7.3,high,1.6,low,medium,low
16,17.3,8.6,high,1.4,high,low,low
32,27.3,6.8,low,1.8,high,medium,high
22,28.5,9.2,low,1.1,high,low,high
21,31.9,5.7,low,1.9,high,low,high
24,21.6,7.3,high,1.8,low,medium,low
25,23.8,8.2,low,1.5,low,low,moderate
30,25.4,5.2,high,1.7,high,low,moderate
31,21.1,7.0,high,2.2,low,medium,low
23,27.2,9.0,low,1.1,low,medium,high
29,25.6,6.6,moderate,2.4,low,high,moderate
43,19.1,5.3,low,2.7,low,low,moderate
27,27.0,8.0,low,1.4,low,low,moderate
27,29.1,6.2,low,2.0,low,medium,high
39,13.6,7.0,moderate,1.7,low,medium,low
35,22.7,5.0,low,2.0,low,medium,moderate
17,22.8,7.6,moderate,2.2,low,low,low
18,30.3,7.0,moderate,1.9,low,high,high
28,30.6,8.0,moderate,2.6,low,low,moderate
32,24.3,7.6,moderate,1.7,low,medium,moderate
27,21.2,7.4,moderate,1.4,high,low,moderate
27,20.4,7.3,moderate,2.0,low,low,low
35,18.5,7.7,low,1.3,high,medium,moderate
38,31.3,5.2,high,1.4,low,medium,moderate
21,27.7,5.8,moderate,1.3,low,low,high
19,20.0,6.6,low,1.9,high,medium,moderate
31,23.1,5.5,moderate,1.1,high,low,moderate
29,27.4,6.9,high,2.6,high,low,moderate
25,27.4,7.6,low,2.0,high,low,high
31,20.3,9.8,low,2.3,high,low,moderate
35,25.4,8.5,low,2.1,low,low,moderate
23,25.0,7.1,moderate,2.8,low,low,moderate
21,26.9,7.4,low,2.3,high,medium,high
31,22.4,8.2,high,1.5,high,medium,low
42,23.9,7.2,moderate,1.3,low,low,low
34,23.5,7.6,low,1.5,low,low,moderate
24,27.9,5.1,moderate,2.1,high,low,high
32,29.1,6.7,low,1.3,high,medium,high
30,21.1,8.0,moderate,1.8,low,medium,low
16,21.7,8.8,high,1.8,low,low,low
52,23.8,8.1,moderate,1.5,low,low,low
22,22.9,4.2,low,1.6,low,medium,moderate
16,28.0,7.8,low,1.8,low,low,high
42,24.0,8.0,low,1.3,low,medium,moderate
36,17.3,8.0,low,1.4,high,low,moderate
27,28.5,5.6,high,2.4,low,low,moderate
23,24.9,6.9,high,1.9,low,low,low
38,30.1,6.4,low,1.9,low,high,high
34,27.5,4.1,low,1.8,low,low,high
31,31.4,6.7,high,1.4,low,medium,moderate
16,22.9,6.2,moderate,2.0,low,medium,low
30,27.5,6.0,low,1.8,low,low,high
36,28.8,7.2,low,1.7,low,low,high
19,22.2,3.1,high,1.6,low,low,low
31,22.9,11.6,moderate,2.5,low,low,low
36,18.3,6.5,high,1.7,low,medium,low
24,28.9,8.5,moderate,2.5,high,medium,high
26,22.5,6.4,low,2.0,high,low,moderate
31,27.5,5.8,moderate,1.2,low,low,high
27,21.1,8.8,high,1.5,low,low,low
21,23.5,8.0,low,2.3,low,low,moderate
22,26.2,9.0,high,0.9,low,low,low
38,23.5,9.0,high,2.4,high,high,moderate
30,21.4,8.3,moderate,2.2,low,medium,low
26,26.0,5.1,low,1.7,low,low,high
47,28.6,8.5,low,2.0,low,high,high
30,29.9,8.5,low,1.1,high,low,high
47,29.8,5.1,low,2.2,high,low,high
31,30.0,8.2,low,2.3,low,high,high
33,24.7,5.3,low,1.7,high,low,high
24,24.1,5.6,moderate,2.4,low,low,moderate
25,30.2,3.9,low,1.3,low,medium,high
33,16.1,5.2,low,2.2,high,medium,high
44,28.9,7.1,moderate,1.6,low,low,moderate
29,27.3,6.0,low,1.8,high,medium,high
16,25.2,5.9,low,2.1,low,low,high
35,19.9,8.6,moderate,2.0,low,low,low
30,26.1,6.2,moderate,1.8,high,high,high
16,33.2,7.2,low,2.0,low,low,high
16,18.3,4.3,low,2.3,low,medium,moderate
20,30.0,8.1,high,2.1,high,medium,moderate
26,25.1,6.6,moderate,1.0,low,medium,moderate
33,18.2,6.7,moderate,1.4,low,high,moderate
29,17.8,6.0,high,0.8,low,high,low
32,23.9,5.2,moderate,1.2,high,low,moderate
37,23.4,5.1,moderate,1.6,low,high,moderate
30,31.4,7.0,low,1.9,low,low,high
23,28.6,9.4,high,2.1,high,medium,moderate
32,30.9,5.5,low,1.9,low,low,high
30,23.3,7.7,moderate,1.8,low,medium,low
16,22.2,4.9,low,2.7,low,low,moderate
32,25.5,8.2,low,1.5,low,low,moderate
38,27.0,7.4,moderate,1.8,high,medium,moderate
30,20.9,7.4,moderate,1.3,low,low,low
29,19.4,6.8,moderate,2.1,high,medium,moderate
24,18.4,6.5,low,1.3,low,medium,moderate
27,24.9,7.2,high,1.8,low,low,low
34,26.7,7.1,low,2.5,high,medium,high
24,22.4,6.1,low,2.1,high,low,moderate
26,29.2,7.3,high,2.4,high,low,moderate
29,24.2,8.1,moderate,2.0,low,low,moderate
29,18.0,7.2,moderate,1.4,low,low,low
32,16.7,6.9,moderate,1.8,high,low,moderate
22,22.8,5.3,low,1.9,low,medium,moderate
19,17.6,6.8,low,1.8,high,low,moderate
33,25.9,5.8,moderate,1.1,high,high,high
27,25.9,5.6,moderate,2.7,low,low,moderate
28,30.8,5.7,high,1.0,high,low,high
27,23.0,7.2,moderate,2.2,low,low,low
30,30.6,8.1,low,1.8,high,medium,high
32,23.0,6.2,moderate,1.2,high,low,moderate
26,14.8,9.0,low,1.9,high,medium,moderate
44,27.0,5.4,moderate,1.7,low,medium,moderate
35,23.9,5.8,moderate,1.9,high,medium,moderate
37,24.9,6.1,high,1.0,high,medium,moderate
26,28.3,6.2,moderate,1.5,low,low,moderate
26,22.0,4.6,low,2.8,high,high,high
23,29.7,6.0,low,2.0,low,medium,high
19,27.9,8.9,moderate,3.1,low,high,high
38,20.6,7.9,low,0.8,high,low,moderate
38,27.4,9.4,moderate,2.0,low,medium,moderate
34,18.1,6.0,low,2.5,low,medium,moderate
30,28.0,8.0,low,1.9,low,medium,high
32,26.0,5.8,moderate,1.7,low,low,moderate
27,29.9,5.8,low,1.9,low,high,high
28,30.5,5.5,moderate,1.6,high,low,high
38,25.8,7.3,moderate,1.8,low,high,moderate
17,22.2,4.3,low,2.1,low,low,moderate
32,29.8,5.8,low,1.6,low,medium,high
33,23.8,5.9,high,1.6,low,low,low
16,22.8,6.5,high,2.6,low,low,low
34,10.7,8.7,high,1.3,high,medium,low
31,29.6,6.2,low,2.2,low,low,high
24,23.8,6.0,low,1.8,low,low,moderate
40,23.8,6.3,low,2.6,low,medium,moderate
29,30.8,6.5,high,1.5,high,medium,moderate
50,16.0,7.9,low,1.5,low,medium,moderate
35,24.4,7.0,high,1.4,high,low,moderate
40,18.9,5.0,moderate,0.7,low,low,moderate
38,19.1,7.7,moderate,1.7,low,high,moderate
16,26.2,5.2,moderate,1.6,high,medium,high
31,22.1,8.4,moderate,1.6,low,low,low
23,28.5,5.9,low,2.1,low,high,high
22,23.4,2.4,high,2.2,high,low,moderate
37,24.9,5.8,low,0.9,low,low,high
19,28.2,7.6,moderate,2.0,low,high,high
25,22.5,5.7,low,1.5,high,medium,high
35,24.4,10.0,low,2.4,low,medium,moderate
37,30.6,6.1,moderate,1.7,low,high,high
16,23.9,7.0,low,2.6,high,high,high
27,25.5,9.3,low,2.0,low,high,high
16,19.8,7.9,moderate,0.7,high,high,moderate
16,28.0,7.2,low,2.0,low,medium,high
41,20.2,4.9,moderate,1.7,low,low,moderate
16,31.4,8.1,moderate,2.1,low,low,moderate
35,25.2,7.4,low,1.9,low,low,moderate
28,24.4,7.2,moderate,2.2,high,low,moderate
26,25.4,7.7,moderate,1.6,low,low,moderate
24,22.4,8.1,low,1.5,low,medium,moderate
26,27.2,6.7,moderate,1.5,low,medium,moderate
28,35.0,5.4,moderate,1.6,low,medium,high
19,33.5,6.2,moderate,2.2,low,medium,moderate
26,30.3,5.5,high,2.0,low,medium,moderate
38,24.9,8.2,moderate,1.8,low,low,moderate
25,28.0,7.0,moderate,2.1,high,low,high
26,25.4,5.2,low,1.8,low,low,high
24,25.8,5.0,moderate,1.8,low,medium,moderate
23,29.9,6.4,moderate,2.6,low,low,moderate
39,31.2,6.2,low,1.7,high,medium,high
27,21.5,8.7,low,2.0,low,high,moderate
30,26.8,6.7,low,1.7,low,high,high
42,22.5,6.7,low,2.2,low,high,moderate
35,32.1,8.6,moderate,1.8,low,low,moderate
22,20.3,6.9,moderate,1.9,low,low,low
43,24.6,7.5,moderate,2.3,low,high,moderate
32,23.1,7.3,moderate,1.7,high,low,moderate
46,21.0,6.5,high,1.9,high,low,low
30,30.3,4.1,moderate,1.6,high,low,high
41,28.8,6.7,high,1.8,low,low,moderate
29,18.5,6.6,moderate,2.2,low,low,low
30,19.1,6.3,moderate,1.1,high,low,moderate
31,28.0,7.1,moderate,0.6,low,low,moderate
19,25.1,7.3,low,2.5,high,high,high
28,27.0,7.1,low,1.2,high,low,high
25,19.0,8.9,moderate,1.6,low,low,low
20,25.1,8.8,moderate,2.8,high,high,high
26,22.0,6.8,low,2.1,low,low,moderate
16,27.2,10.5,high,1.5,low,low,moderate
30,20.9,8.3,low,2.0,high,high,high
28,26.5,6.6,moderate,2.1,low,low,moderate
26,31.9,5.8,moderate,1.5,low,medium,high
27,15.4,4.9,high,1.2,low,low,low
38,24.2,6.1,moderate,1.7,low,medium,moderate
20,27.1,11.6,low,1.9,high,medium,high
26,25.8,7.0,low,1.3,high,low,high
16,24.2,5.6,moderate,2.0,low,high,high
25,28.4,7.0,low,2.1,low,low,high
24,32.9,4.7,moderate,3.2,low,low,high
35,21.7,7.5,low,1.1,high,high,high
16,26.1,8.3,moderate,1.2,high,low,moderate
29,32.8,4.4,moderate,1.8,low,medium,high
28,26.8,7.0,moderate,1.5,low,medium,moderate
32,24.0,6.4,moderate,2.7,high,low,moderate
29,15.6,5.1,high,2.0,low,medium,low
31,21.6,3.3,moderate,2.1,low,low,moderate
44,27.4,6.0,high,1.7,low,low,moderate
29,25.1,7.2,low,2.5,low,low,moderate
32,27.7,8.0,moderate,2.7,low,low,moderate
32,20.2,4.8,low,0.7,high,low,high
16,26.7,5.7,moderate,2.1,low,low,moderate
16,22.9,6.5,moderate,1.5,low,low,low
18,24.3,6.8,low,1.9,low,low,moderate
24,25.8,7.5,low,1.3,high,medium,high
36,19.9,7.1,moderate,1.3,low,medium,low
18,31.7,5.9,moderate,1.4,low,high,high
18,19.2,8.7,moderate,1.6,low,low,low
30,29.4,6.9,moderate,0.5,low,high,high
16,22.3,6.7,moderate,1.3,low,medium,low
34,24.7,8.9,low,2.0,low,low,moderate
38,25.8,6.4,moderate,2.0,low,medium,moderate
35,25.3,4.4,moderate,1.4,high,medium,high
32,21.4,6.2,low,2.2,high,low,moderate
30,15.7,9.5,low,2.0,low,medium,moderate
46,27.8,6.5,low,1.7,low,medium,high
33,28.3,6.1,moderate,2.4,low,low,moderate
31,22.4,8.1,moderate,1.5,high,low,moderate
26,33.2,5.8,low,2.9,low,medium,high
34,28.2,5.8,moderate,2.0,low,high,high
35,16.4,7.7,low,1.5,low,medium,moderate
33,25.9,8.5,low,2.4,low,low,moderate
45,26.6,9.4,moderate,1.5,low,low,moderate
33,28.0,8.4,low,1.2,low,high,high
39,20.1,7.7,low,1.2,low,low,moderate
18,22.7,4.1,moderate,1.5,high,low,moderate
31,29.4,7.7,moderate,1.4,low,high,high
37,24.5,6.9,moderate,2.6,low,high,moderate
27,25.5,8.6,low,1.0,low,low,moderate
24,17.4,5.9,moderate,1.5,low,low,moderate
36,18.2,8.2,moderate,2.2,low,low,low
27,25.4,8.9,moderate,2.1,low,low,moderate
41,29.1,6.5,moderate,2.2,low,high,high
44,36.1,9.3,high,2.0,low,low,moderate
30,27.9,6.5,low,3.0,high,medium,high
20,20.6,6.5,moderate,2.1,high,medium,moderate
43,21.9,5.1,high,1.4,high,medium,moderate
26,24.4,7.1,moderate,1.6,low,medium,moderate
29,23.7,6.5,low,1.0,high,low,moderate
28,28.1,7.1,high,2.0,low,medium,moderate
28,21.5,7.1,moderate,2.2,low,low,low
35,25.9,7.9,low,1.2,low,low,moderate
22,29.3,10.5,low,1.4,high,low,high
22,26.8,5.9,moderate,2.0,low,medium,moderate
34,23.6,6.8,moderate,1.9,low,low,low
37,30.1,4.8,low,2.2,low,medium,high
44,25.1,5.8,low,1.2,low,low,high
30,25.1,2.8,low,2.4,high,low,high
29,27.7,7.9,low,1.7,low,medium,high
27,19.3,8.9,low,2.2,high,low,moderate
23,21.5,8.1,low,2.0,low,low,moderate
18,23.5,4.5,high,1.9,high,medium,moderate
19,18.9,9.4,moderate,1.5,high,high,moderate
35,17.3,5.0,high,1.6,low,low,low
42,28.5,8.4,moderate,1.6,low,low,moderate
40,24.4,8.7,moderate,2.0,low,low,moderate
38,20.7,6.0,moderate,2.3,low,low,low
25,23.5,4.8,high,2.3,low,low,low
48,32.5,5.3,moderate,2.6,low,low,high
47,17.6,6.2,low,2.1,low,low,moderate
30,20.2,6.6,moderate,2.5,high,medium,moderate
16,24.7,7.3,low,2.3,low,medium,moderate
32,23.5,6.7,high,0.6,low,medium,low
36,20.5,9.7,moderate,1.3,low,low,low
25,27.0,7.8,moderate,2.1,low,low,moderate
30,20.8,4.3,moderate,2.3,low,medium,moderate
21,23.7,9.1,high,2.2,low,high,low
31,22.4,10.1,high,2.0,low,low,low
27,28.0,6.9,moderate,1.3,low,low,moderate
29,23.2,5.4,high,2.0,low,low,low
30,25.7,8.4,low,2.3,low,medium,moderate
27,19.2,8.0,moderate,2.1,high,medium,moderate
20,27.7,5.6,low,1.2,low,low,high
37,24.6,7.5,moderate,1.5,low,high,moderate
16,28.9,5.8,moderate,2.2,low,medium,high
46,21.9,8.0,moderate,1.3,low,medium,low
37,24.6,8.9,high,1.8,low,low,low
39,23.6,7.2,high,1.0,low,medium,low
26,23.8,6.8,low,1.8,high,low,moderate
26,32.2,7.4,low,1.5,high,low,high
28,24.3,7.0,high,1.8,low,low,low
29,18.7,10.1,low,2.2,high,low,moderate
16,24.1,10.2,moderate,1.0,low,medium,moderate
37,27.0,7.9,moderate,1.1,low,low,moderate
23,23.3,6.6,moderate,1.7,low,high,moderate
46,19.5,7.0,high,2.0,low,low,low
46,19.2,6.2,high,1.7,low,low,low
43,24.9,7.0,low,2.6,high,medium,high
17,22.3,5.6,low,2.2,low,low,moderate
22,26.2,5.1,low,2.3,low,high,high
27,27.0,7.8,high,2.5,low,medium,low
28,22.4,7.1,low,2.1,low,medium,moderate
19,30.9,7.7,low,1.7,low,medium,high
34,21.6,4.9,moderate,1.0,high,low,moderate
24,14.5,4.8,low,1.1,low,low,moderate
34,23.0,6.9,low,2.5,low,low,moderate
36,21.4,5.9,low,1.6,high,medium,high
37,23.7,4.5,low,1.3,low,low,moderate
20,29.0,6.0,low,1.9,low,high,high
42,20.5,6.2,low,1.6,low,low,moderate
34,22.3,7.1,low,1.6,low,medium,moderate
20,20.9,7.9,low,2.0,low,high,moderate
35,16.9,5.7,moderate,1.6,low,low,moderate
41,24.1,5.7,moderate,1.9,high,medium,high
21,26.5,8.5,low,2.4,low,low,moderate
21,27.6,8.2,moderate,1.9,high,high,high
38,24.0,8.9,low,2.0,low,medium,moderate
40,18.7,5.4,low,2.4,low,medium,moderate
43,25.6,2.9,low,2.0,low,low,high
37,18.0,6.7,low,2.4,low,medium,moderate
34,26.8,9.3,low,2.4,high,medium,high
37,20.9,6.2,low,1.6,low,medium,moderate
16,24.3,7.1,low,1.6,low,high,high
34,26.7,5.3,moderate,1.8,low,low,moderate
29,29.4,8.0,high,2.5,low,medium,moderate
35,24.8,2.5,moderate,1.3,high,medium,high
28,19.7,10.2,high,1.6,low,high,low
18,25.9,5.3,moderate,1.3,low,low,moderate
27,26.0,6.6,moderate,1.0,high,low,moderate
34,30.1,3.9,moderate,1.2,low,low,high
25,22.6,4.4,moderate,2.7,low,medium,moderate
26,27.6,7.7,low,1.8,low,low,high
23,25.8,8.0,moderate,2.3,low,high,moderate
29,27.4,7.2,moderate,2.2,low,low,moderate
16,25.8,7.5,low,1.8,low,low,moderate
42,26.6,7.3,low,1.2,low,low,moderate
26,22.0,5.9,low,1.6,low,low,moderate
27,18.6,7.1,moderate,1.7,low,low,low
22,32.2,7.8,moderate,1.3,high,low,high
35,29.3,7.5,moderate,1.5,high,low,high
19,31.1,6.8,high,1.9,high,low,moderate
26,18.6,4.2,low,1.9,low,low,moderate
19,24.1,7.6,low,2.2,low,medium,moderate
31,24.7,7.2,moderate,2.0,low,medium,moderate
24,22.8,6.5,moderate,1.9,high,low,moderate
19,25.8,5.9,low,0.9,low,high,high
33,22.2,6.6,low,2.0,low,medium,moderate
21,29.7,6.9,high,2.2,low,low,moderate
28,20.3,6.4,moderate,1.8,high,medium,moderate
35,26.0,7.1,moderate,1.6,low,low,moderate
38,24.7,9.6,high,2.2,low,low,low
41,25.3,4.9,low,1.0,high,low,high
21,32.1,9.5,low,1.4,low,medium,high
26,26.5,7.4,high,2.2,low,medium,low
16,23.4,4.6,low,1.1,low,high,high
31,23.0,6.3,low,1.3,low,medium,moderate
27,26.5,4.1,high,0.6,high,medium,moderate
37,26.8,7.0,high,1.8,high,medium,moderate
16,26.7,10.2,moderate,1.9,high,high,high
28,20.2,9.5,low,1.4,low,high,moderate
36,24.3,8.8,low,1.8,low,low,moderate
26,27.8,8.7,low,2.4,low,low,high
37,22.6,6.7,moderate,2.5,low,medium,low
16,22.8,7.4,moderate,0.9,low,low,low
22,27.8,6.4,low,1.1,low,low,high
43,15.7,6.3,high,1.6,low,low,low
29,22.8,10.0,moderate,2.7,low,low,low
29,20.5,5.7,moderate,1.6,low,low,moderate
33,20.3,8.4,low,0.9,low,low,moderate
27,19.8,5.1,low,2.2,low,medium,moderate
30,26.9,10.8,high,1.3,high,low,moderate
23,21.5,9.5,moderate,1.8,low,medium,low
25,28.6,5.8,high,2.7,high,medium,high
35,26.4,4.0,moderate,1.8,low,low,moderate
33,27.7,5.0,low,1.6,low,low,high
23,28.4,3.7,high,1.4,low,low,moderate
31,21.7,4.8,moderate,2.7,low,medium,moderate
20,25.1,7.3,low,1.4,low,low,moderate
24,20.5,6.9,low,1.1,low,medium,moderate
34,27.4,6.6,low,1.3,low,low,high
16,30.4,6.0,low,2.4,high,low,high
36,32.6,6.3,moderate,0.1,low,medium,moderate
33,22.1,4.0,low,1.1,low,low,moderate
42,24.4,6.8,high,1.0,low,medium,low
41,23.2,6.4,high,1.1,low,medium,low
35,31.6,8.5,low,0.9,low,high,high
27,27.8,5.0,low,2.4,low,low,high
42,22.4,8.0,low,1.8,low,medium,moderate
38,25.9,7.7,low,1.6,high,high,high
23,32.8,6.3,moderate,1.8,low,low,moderate
45,29.7,9.0,high,1.8,low,low,moderate
24,31.8,9.9,low,2.2,high,low,high
27,22.3,5.1,moderate,1.5,low,low,moderate
37,22.7,8.7,moderate,2.3,low,low,low
36,22.9,7.0,low,2.0,low,low,moderate
23,25.6,6.8,high,2.1,high,medium,moderate
42,30.4,9.0,moderate,2.5,high,medium,high
33,26.3,10.4,high,0.4,low,medium,low
25,25.1,8.7,low,2.0,low,medium,moderate
29,26.0,6.1,moderate,1.5,low,medium,moderate
17,21.3,3.6,high,1.4,high,low,moderate
32,26.8,4.6,high,2.1,low,medium,moderate
19,20.4,8.5,moderate,2.0,high,low,moderate
16,29.4,7.0,moderate,1.7,low,medium,moderate
24,25.5,7.4,low,1.3,low,low,moderate
16,27.4,8.3,low,2.5,high,medium,high
36,33.2,7.8,high,1.7,low,low,moderate
25,20.6,4.2,moderate,1.7,low,high,moderate
30,28.5,6.3,moderate,2.6,low,low,moderate
29,35.9,4.5,low,2.1,low,low,high
28,24.5,7.2,low,1.7,high,low,high
31,17.3,8.6,low,0.8,high,low,moderate
40,21.2,8.6,moderate,1.6,high,low,moderate
33,27.8,6.3,low,1.6,high,low,high
26,24.8,9.0,high,0.8,low,medium,low
25,25.2,8.1,high,0.9,high,low,moderate
24,22.6,6.2,moderate,2.5,low,low,low
25,25.0,6.3,moderate,2.6,low,medium,moderate
35,28.0,5.7,low,2.1,low,low,high
23,29.6,6.6,high,1.3,low,medium,moderate
24,24.5,9.8,moderate,1.7,high,low,moderate
39,17.4,6.0,moderate,2.3,low,low,low
32,23.6,8.1,high,1.3,low,medium,low
16,23.2,10.6,high,1.5,high,high,moderate
29,29.0,8.1,low,1.9,high,low,high
42,28.0,7.2,low,2.6,high,medium,high
19,29.6,10.6,moderate,1.6,low,high,high
43,25.3,4.3,moderate,1.3,low,medium,moderate
28,37.5,7.0,low,1.2,low,high,high
43,29.3,8.2,moderate,1.7,high,low,high
27,26.1,5.6,low,1.3,high,low,high
28,23.6,6.1,moderate,1.5,low,low,low
16,19.1,7.5,moderate,1.4,high,medium,moderate
33,26.6,7.4,high,1.6,low,medium,low
29,27.6,6.1,high,3.0,low,medium,moderate
38,27.6,8.3,high,1.9,low,low,moderate
36,25.3,7.3,moderate,1.4,low,high,moderate
28,27.8,6.6,moderate,2.2,low,low,moderate
29,28.1,5.8,low,2.5,low,low,high
21,30.0,8.6,moderate,2.3,low,high,high
16,22.4,6.1,low,1.3,low,low,moderate
38,22.0,5.3,low,1.4,high,low,high
33,12.8,8.5,high,2.5,low,low,low
24,23.2,5.5,moderate,1.2,low,low,moderate
22,30.0,7.5,low,0.9,low,low,high
30,25.7,8.1,high,2.5,low,low,low
53,27.9,10.6,high,2.5,high,high,high
27,23.1,8.8,moderate,1.8,high,low,moderate
36,21.4,6.3,low,1.3,low,medium,moderate
36,16.7,9.2,moderate,1.2,low,high,moderate
20,32.8,5.9,low,2.1,high,medium,high
27,31.1,5.8,low,2.5,low,high,high
26,17.4,7.7,high,2.8,high,low,low
32,28.6,8.3,low,1.6,low,medium,high
27,26.3,7.7,moderate,2.2,high,low,moderate
25,21.5,11.9,high,2.1,high,medium,low
24,27.3,6.8,moderate,1.7,low,high,high
35,18.1,7.9,high,0.7,high,low,low
48,17.9,8.2,low,1.3,low,low,moderate
22,12.9,7.8,low,0.9,low,low,moderate
31,18.8,7.1,low,1.1,low,medium,moderate
29,21.0,7.2,low,1.5,low,medium,moderate
30,28.2,4.3,high,2.6,high,low,high
28,29.7,7.6,low,2.0,high,low,high
21,20.8,5.6,low,2.2,high,low,high
27,23.5,6.3,low,0.6,high,medium,moderate
20,20.4,10.2,low,1.4,low,high,moderate
24,19.4,7.6,low,2.2,low,low,moderate
29,31.9,3.6,moderate,1.9,low,high,high
27,27.5,8.2,high,1.0,high,medium,moderate
27,21.9,6.1,low,1.8,low,medium,moderate
26,12.1,7.8,low,1.8,low,medium,moderate
36,25.4,6.0,low,0.7,low,low,moderate
31,20.1,5.8,moderate,1.8,low,low,moderate
44,24.0,3.4,low,2.1,low,high,high
25,25.9,8.5,low,1.8,high,high,high
38,23.4,4.8,moderate,0.8,high,low,moderate
19,26.5,5.1,moderate,1.1,low,low,moderate
34,24.8,8.2,moderate,2.5,high,low,moderate
45,25.2,8.8,low,2.0,low,medium,moderate
17,20.4,8.3,moderate,1.9,high,low,moderate
28,22.9,8.9,moderate,1.3,low,low,low
32,18.1,6.5,low,1.2,high,medium,moderate
33,22.6,4.8,low,1.5,low,low,moderate
25,19.3,8.8,high,2.1,low,low,low
37,29.2,7.6,low,1.7,high,high,high
33,25.7,5.7,moderate,2.1,low,low,moderate
24,30.7,8.4,high,1.0,low,low,moderate
